customer_id,name,email,region,signup_date
C091,  Rekha Desai  ,rekha.desai@rediffmail.com,West,26/09/2022
C096,Isha Mishra,isha.mishra@hotmail.com,East,18/09/2024
C119,Chhaya Singh,chhaya.singh@gmail.com,South,2023-11-15
C086,Sneha Gupta,sneha.gupta@yahoo.com,East,02-12-2022
C023,Nikhil Khanna,nikhil.khanna@gmail.com,West,2022-07-21
C134,Aryan Rao,aryanraogmail,East,09/05/2024
C178,Vikram Banerjee,vikram.banerjee@yahoo.com,,10/07/2024
C003,Kunal Bhatt,kunal.bhatt@yahoo.com,,07-08-2024
C029,Chhaya Mehta,chhaya.mehta@yahoo.com,Central,2024-04-06
C094,Vinod Chauhan,vinod.chauhan@rediffmail.com,South,24/10/2022
C022,Sumit Patil,SUMIT.PATIL@HOTMAIL.COM,,13/05/2023
C098,Ajay Ghosh,ajay.ghosh@yahoo.com,South,2024-10-11
C046,Nidhi Bose,nidhi.bose@hotmail.com,East,31/10/2023
C085,Naveen Desai,naveen.desai@rediffmail.com,North,08/10/2024
C063,Arun Patil,arun.patil@yahoo.com,East,08-10-2024
C100,Rajesh Malhotra,rajesh.malhotra@rediffmail.com,North,03-25-2024
C152,Ramesh Malhotra,ramesh.malhotra@gmail.com,East,17/10/2022
C056,Ramesh Pillai,,South,11-09-2022
C018,Suresh Yadav,suresh.yadav@hotmail.com,Central,05/12/2022
C059,Naveen Khanna,naveen.khanna@yahoo.com,Central,2024-08-15
C114,  Jyoti Pillai  ,jyoti.pillai@gmail.com,East,08-08-2024
C110,Vivek Sethi,vivek.sethi@hotmail.com,South,2022-12-26
C068,Poonam Chatterjee,poonam.chatterjee@rediffmail.com,West,17/09/2024
C092,Preeti Bhatia,preeti.bhatia@yahoo.com,,09-29-2023
C101,Manish Mukerjee,manish.mukerjee@hotmail.com,North,03-15-2022
C025,Ankita Verma,ankitavermagmail,South,2022-01-31
C128,Manish Shukla,manish.shukla@outlook.com,South,07/06/2023
C138,Latha Anand,,North,16/08/2023
C009,Piyush Pillai,piyush.pillai@outlook.com,North,2022-04-25
C029,Chhaya Mehta,chhaya.mehta@yahoo.com,Central,2024-04-06
C005,Anjali Khanna,anjali.khanna@hotmail.com,North,13/09/2022
C028,Manish Patel,manishpatelgmail,Central,09-03-2024
C112,Nisha Dutta,,West,2024-01-20
C001,Arun Singh,arun.singh@outlook.com,South,2023-05-17
C075,Nilesh Khanna,nilesh.khanna@rediffmail.com,East,12-10-2024
C179,Manish Das,manish.das@outlook.com,North,2023-05-27
C090,Kunal Chauhan,kunal.chauhan@hotmail.com,Central,2022-04-22
C143,Priyanka Pandey,priyanka.pandey@yahoo.com,South,2023-04-29
C113,Rajesh Naik,rajesh.naik@hotmail.com,South,2024-01-31
C079,Gaurav Gupta,gaurav.gupta@yahoo.com,West,08-31-2022
C115,Varun Joshi,varun.joshi@gmail.com,South,04-26-2023
C005,Anjali Khanna,anjali.khanna@hotmail.com,North,13/09/2022
C069,  Kavita Desai  ,kavita.desai@hotmail.com,Central,15/05/2023
C117,Hemant Rao,hemant.rao@,East,2024-06-29
C076,Gaurav Sharma,gaurav.sharma@rediffmail.com,North,17/09/2022
C067,Yash Rana,yash.rana@gmail.com,West,06/06/2024
C055,Preeti Desai,preeti.desai@hotmail.com,East,06-08-2022
C026,Neha Tiwari,neha.tiwari@hotmail.com,East,05/01/2022
C006,Sumit Nair,sumit.nair@gmail.com,South,04-04-2022
C002,Ritika Kumar,ritika.kumar@gmail.com,,2022-07-11
C053,Latha Chauhan,latha.chauhan@rediffmail.com,Central,12/10/2023
C020,Saurabh Singh,,South,04-17-2023
C056,Ramesh Pillai,,South,11-09-2022
C030,Megha Patil,megha.patil@rediffmail.com,South,10/10/2023
C140,Manish Patil,manish.patil@hotmail.com,West,04-08-2024
C168,Nidhi Chowdhury,nidhi.chowdhury@gmail.com,North,invalid-date
C020,Saurabh Singh,,South,04-17-2023
C049,Prakash Ghosh,prakash.ghosh@gmail.com,Central,08-05-2023
C141,Lalit Chauhan,lalit.chauhan@outlook.com,North,30/06/2022
C144,Pooja Reddy,pooja.reddy@hotmail.com,Central,08-08-2024
C161,Anita Desai,anita.desai@,West,2024-11-17
C037,Ramesh Dubey,rameshdubeygmail,Central,01-27-2024
C077,Isha Verma,isha.verma@gmail.com,West,06/08/2023
C162,Sneha Bhatt,sneha.bhatt@gmail.com,East,invalid-date
C097,Divya Sen,,West,2024-02-24
C146,Dinesh Arora,,West,28/09/2023
C006,Sumit Nair,sumit.nair@gmail.com,South,04-04-2022
C050,Nisha Nair,nisha.nair@yahoo.com,South,2022-02-20
C159,Shruti Chauhan,shruti.chauhan@outlook.com,Central,02-22-2024
C043,Megha Menon,megha.menon@gmail.com,West,08-11-2022
C013,  Ajay Saxena  ,ajay.saxena@rediffmail.com,East,08-16-2024
C167,Dinesh Iyer,dinesh.iyer@rediffmail.com,North,2024-05-03
C107,Ritu Singh,ritu.singh@hotmail.com,Central,2023-07-17
C149,Saurabh Bhatia,,South,10-30-2024
C035,  Rajesh Arora  ,rajesh.arora@hotmail.com,North,2023-05-30
C016,Anita Dubey,anita.dubey@rediffmail.com,East,01-02-2022
C021,Vikram Malhotra,vikram.malhotra@gmail.com,East,2024-11-18
C031,Gaurav Chauhan,gaurav.chauhan@outlook.com,West,2022-05-29
C132,Piyush Mathur,,East,02-23-2022
C014,Bhavna Anand,bhavna.anand@outlook.com,East,2023-11-28
C072,Isha Trivedi,isha.trivedi@gmail.com,South,10/07/2022
C066,Meena Patil,meena.patil@gmail.com,,invalid-date
C048,Tushar Das,tushar.das@outlook.com,West,10/08/2024
C055,Preeti Desai,preeti.desai@hotmail.com,East,06-08-2022
C103,Ritu Pandey,ritu.pandey@outlook.com,South,2024-06-01
C041,Shweta Pillai,shweta.pillai@yahoo.com,South,02-18-2022
C175,Tushar Bhatia,tushar.bhatia@hotmail.com,,12-08-2022
C041,Shweta Pillai,shweta.pillai@yahoo.com,South,02-18-2022
C169,Sanjay Pandey,sanjaypandeygmail,East,08-01-2022
C139,  Tarun Arora  ,tarun.arora@rediffmail.com,,2023-12-27
C052,Sunita Mathur,sunita.mathur@hotmail.com,Central,2023-03-25
C121,Smita Reddy,smita.reddy@gmail.com,North,invalid-date
C060,Deepak Das,,South,05/10/2022
C108,Varun Jain,varun.jain@yahoo.com,South,2023-12-23
C118,Dinesh Patel,dinesh.patel@hotmail.com,North,2023-07-20
C057,Rekha Bhatt,rekha.bhatt@hotmail.com,West,02-10-2022
C136,Tushar Trivedi,tushar.trivedi@,Central,2023-07-14
C130,Dinesh Ghosh,dinesh.ghosh@hotmail.com,Central,16/04/2022
C174,Ritika Gupta,ritika.gupta@hotmail.com,,01-05-2023
C010,Roshni Bhatia,roshni.bhatia@outlook.com,West,03-12-2023
C059,Naveen Khanna,naveen.khanna@yahoo.com,Central,2024-08-15
C109,Latha Mukerjee,,West,22/03/2022
C036,  Suresh Mukerjee  ,suresh.mukerjee@outlook.com,West,11-27-2022
C088,Sunita Tiwari,sunita.tiwari@outlook.com,West,04-23-2024
C176,Mohit Desai,mohit.desai@gmail.com,West,06-03-2022
C104,Deepak Chatterjee,deepakchatterjeegmail,Central,09/05/2023
C156,Aryan Kumar,aryankumargmail,West,09-26-2022
C062,Sanjay Mathur,sanjay.mathur@gmail.com,South,2022-03-05
C039,Ramesh Iyer,rameshiyergmail,North,29/12/2022
C126,Aryan Jain,aryan.jain@,West,11-01-2024
C038,Anjali Pandey,anjali.pandey@yahoo.com,North,05-27-2023
C070,Harish Rana,harish.rana@yahoo.com,East,28/12/2023
C081,Rekha Mukerjee,rekhamukerjeegmail,North,invalid-date
C064,Arun Mathur,,Central,2023-09-30
C004,Saurabh Desai,saurabh.desai@,,17/03/2023
C171,Sunil Kumar,sunil.kumar@outlook.com,West,09-28-2023
C180,Rajesh Mathur,rajesh.mathur@outlook.com,Central,2024-07-02
C054,Aakash Tiwari,aakash.tiwari@hotmail.com,South,10/07/2024
C124,Sneha Patel,sneha.patel@hotmail.com,North,02/04/2024
C125,Tushar Mishra,tushar.mishra@gmail.com,Central,16/09/2022
C027,Piyush Ghosh,PIYUSH.GHOSH@HOTMAIL.COM,,2022-11-14
C084,Pooja Patel,pooja.patel@yahoo.com,Central,09-22-2023
C160,Smita Patel,smita.patel@hotmail.com,North,01-31-2024
C074,Meena Khanna,meena.khanna@yahoo.com,Central,2023-10-09
C099,Shruti Verma,shruti.verma@rediffmail.com,South,2024-07-24
C150,Jyoti Tiwari,jyoti.tiwari@outlook.com,West,03/02/2024
C122,Rajesh Patel,rajesh.patel@yahoo.com,North,05-12-2024
C012,Latha Arora,lathaaroragmail,North,2022-07-06
C145,Lalit Chandra,lalit.chandra@outlook.com,North,06/11/2022
C008,Pooja Banerjee,poojabanerjeegmail,South,12-29-2024
C011,Vinod Sethi,vinod.sethi@rediffmail.com,Central,06-23-2023
C087,Shruti Desai,shruti.desai@yahoo.com,West,06-11-2024
C177,Kiran Banerjee,kiran.banerjee@hotmail.com,North,2022-03-13
C154,Aryan Gupta,aryan.gupta@hotmail.com,North,07/11/2024
C044,Arun Saxena,arun.saxena@rediffmail.com,,25/01/2023
C158,Aakash Pillai,aakash.pillai@rediffmail.com,West,05/05/2023
C024,Bhavna Trivedi,bhavna.trivedi@yahoo.com,East,2024-05-14
C137,Isha Srivastava,isha.srivastava@outlook.com,,2022-04-04
C153,Deepak Bose,deepak.bose@rediffmail.com,East,02-11-2024
C164,Kriti Trivedi,kriti.trivedi@rediffmail.com,North,2022-01-11
C071,Simran Nair,simran.nair@gmail.com,West,05-10-2023
C163,Manoj Bhatia,manoj.bhatia@outlook.com,North,2022-10-27
C051,Sumit Nair,sumitnairgmail,South,09/10/2024
C065,Swati Bhatia,swati.bhatia@,South,06-05-2022
C021,Vikram Malhotra,vikram.malhotra@gmail.com,East,2024-11-18
C073,Ankita Srivastava,ankita.srivastava@outlook.com,Central,05-21-2024
C155,Isha Nair,isha.nair@yahoo.com,North,2022-10-09
C170,  Nikhil Sen  ,nikhil.sen@hotmail.com,North,2023-01-09
C019,Sunil Bhatia,sunil.bhatia@outlook.com,East,03-28-2024
C083,Tarun Menon,tarun.menon@rediffmail.com,North,10/02/2023
C042,Priyanka Das,priyanka.das@rediffmail.com,,03-29-2024
C043,Megha Menon,megha.menon@gmail.com,West,08-11-2022
C078,Rohan Joshi,rohan.joshi@gmail.com,North,31/03/2024
C040,Vinod Desai,vinod.desai@yahoo.com,North,10/08/2022
C166,Sanjay Joshi,sanjay.joshi@hotmail.com,Central,invalid-date
C035,  Rajesh Arora  ,rajesh.arora@hotmail.com,North,2023-05-30
C015,Rajesh Arora,rajesh.arora@yahoo.com,East,2024-11-05
C129,Mohit Verma,mohit.verma@outlook.com,North,09-24-2022
C111,Poonam Tiwari,poonam.tiwari@outlook.com,East,13/09/2024
C012,Latha Arora,lathaaroragmail,North,2022-07-06
C047,Geeta Chatterjee,geeta.chatterjee@rediffmail.com,Central,09/09/2023
C151,Kavya Mehta,kavya.mehta@outlook.com,West,07-13-2022
C046,Nidhi Bose,nidhi.bose@hotmail.com,East,31/10/2023
C172,Divya Jain,divya.jain@outlook.com,East,04-08-2022
C089,Tanvi Gupta,tanvi.gupta@outlook.com,North,01/06/2023
C133,Priyanka Sharma,,West,10-21-2022
C058,Yash Dubey,yash.dubey@rediffmail.com,South,28/03/2023
C116,Kunal Bhatt,kunal.bhatt@rediffmail.com,North,13/11/2022
C173,Shruti Saxena,shruti.saxena@outlook.com,West,18/01/2023
C165,Aryan Shukla,aryan.shukla@,East,2023-08-14
C082,Aakash Sen,aakash.sen@rediffmail.com,North,20/08/2024
C033,Jyoti Das,jyoti.das@rediffmail.com,Central,01-17-2022
C019,Sunil Bhatia,sunil.bhatia@outlook.com,East,03-28-2024
C148,Sumit Das,sumit.das@yahoo.com,West,10-21-2023
C105,Priya Chauhan,priya.chauhan@outlook.com,West,2022-11-20
C106,Smita Chauhan,smita.chauhan@,West,12/02/2023
C135,Chhaya Gupta,,,2022-11-15
C123,Sunita Trivedi,sunita.trivedi@rediffmail.com,North,03-30-2023
C102,  Kavita Shukla  ,kavita.shukla@gmail.com,South,25/07/2022
C080,Aakash Trivedi,aakash.trivedi@outlook.com,Central,28/05/2024
C017,Shweta Iyer,shweta.iyer@,North,05-09-2023
C023,Nikhil Khanna,nikhil.khanna@gmail.com,West,2022-07-21
C157,Prakash Khanna,prakash.khanna@hotmail.com,East,31/03/2022
C034,Arun Verma,arun.verma@rediffmail.com,East,15/11/2022
C044,Arun Saxena,arun.saxena@rediffmail.com,,25/01/2023
C120,Siddharth Rao,,Central,2023-11-04
C095,Nilesh Mathur,nilesh.mathur@hotmail.com,East,11-28-2023
C147,Kavita Chatterjee,kavita.chatterjee@rediffmail.com,West,04/11/2024
C142,Shweta Sethi,,South,30/03/2023
C011,Vinod Sethi,vinod.sethi@rediffmail.com,Central,06-23-2023
C007,Bharti Desai,bharti.desai@hotmail.com,East,2024-01-18
C127,Ankita Khanna,ankita.khanna@yahoo.com,South,30/05/2024
C061,Bharti Desai,,West,2023-06-01
C036,  Suresh Mukerjee  ,suresh.mukerjee@outlook.com,West,11-27-2022
C052,Sunita Mathur,sunita.mathur@hotmail.com,Central,2023-03-25
C032,Nidhi Menon,nidhi.menon@yahoo.com,South,2023-12-16
C058,Yash Dubey,yash.dubey@rediffmail.com,South,28/03/2023
C131,Rohan Pillai,rohan.pillai@,East,12-19-2023
C093,Nikhil Joshi,nikhil.joshi@yahoo.com,East,10-17-2024
C045,Sunil Kapoor,sunil.kapoor@hotmail.com,East,05-24-2022
